[
    {
      "title": "Atliens",
      "artist": "OutKast",
      "decade": 1970,
      "genre": "Hip Hop",
      "coverAsset": "atliens"
    },
    {
      "title": "Speak No Evil",
      "artist": "Wayne Shorter",
      "decade": 1970,
      "genre": "Jazz",
      "coverAsset": "speak_no_evil"
    },
    {
      "title": "Achtung Baby",
      "artist": "U2",
      "decade": 1970,
      "genre": "Rock",
      "coverAsset": "achtung_baby"
    },
    {
      "title": "Back To Black",
      "artist": "Amy Winehouse",
      "decade": 1970,
      "genre": "Soul",
      "coverAsset": "back_to_black"
    },
    {
      "title": "Bar\u00e3o Vermelho",
      "artist": "Bar\u00e3o Vermelho",
      "decade": 1970,
      "genre": "Rock",
      "coverAsset": "bar\u00e3o_vermelho"
    },
    {
      "title": "Rumours",
      "artist": "Fleetwood Mac",
      "decade": 1970,
      "genre": "Rock",
      "coverAsset": "rumours"
    },
    {
      "title": "Bat Out Of Hell",
      "artist": "Meat Loaf",
      "decade": 1970,
      "genre": "Rock",
      "coverAsset": "bat_out_of_hell"
    },
    {
      "title": "Nevermind",
      "artist": "Nirvana",
      "decade": 1970,
      "genre": "Grunge",
      "coverAsset": "nevermind"
    },
    {
      "title": "Constru\u00e7\u00e3o",
      "artist": "Chico Buarque",
      "decade": 1970,
      "genre": "MPB",
      "coverAsset": "constru\u00e7\u00e3o"
    },
    {
      "title": "Revolver",
      "artist": "The Beatles",
      "decade": 1970,
      "genre": "Rock",
      "coverAsset": "revolver"
    },
    {
      "title": "Time Out",
      "artist": "The Dave Brubeck Quartet",
      "decade": 1970,
      "genre": "Jazz",
      "coverAsset": "time_out"
    },
    {
      "title": "Off The Wall",
      "artist": "Michael Jackson",
      "decade": 1970,
      "genre": "Pop",
      "coverAsset": "off_the_wall"
    },
    {
      "title": "Legal",
      "artist": "Gal Costa",
      "decade": 1970,
      "genre": "MPB",
      "coverAsset": "legal"
    },
    {
      "title": "In Rainbows",
      "artist": "Radiohead",
      "decade": 1970,
      "genre": "Alternative Rock",
      "coverAsset": "in_rainbows"
    }
]
