[
  {
    "title": "Ok Computer",
    "artist": "Radiohead",
    "decade": 1970,
    "genre": "Alternative Rock",
    "coverAsset": "ok_computer"
  },
  {
    "title": "Kind Of Blue",
    "artist": "Miles Davis",
    "decade": 1970,
    "genre": "Jazz",
    "coverAsset": "kind_of_blue"
  },
  {
    "title": "Whats Going On",
    "artist": "Marvin Gaye",
    "decade": 1970,
    "genre": "Soul",
    "coverAsset": "whats_going_on"
  },
  {
    "title": "Mingus Ah Um",
    "artist": "Charles Mingus",
    "decade": 1970,
    "genre": "Jazz",
    "coverAsset": "mingus_ah_um"
  },
  {
    "title": "Are You Experienced",
    "artist": "The Jimi Hendrix Experience",
    "decade": 1970,
    "genre": "Rock",
    "coverAsset": "are_you_experienced"
  },
  {
    "title": "The Velvet Underground & Nico",
    "artist": "The Velvet Underground",
    "decade": 1970,
    "genre": "Rock",
    "coverAsset": "the_velvet_underground_&_nico"
  },
  {
    "title": "Never Mind The Bollocks, Heres The Sex Pistols",
    "artist": "Sex Pistols",
    "decade": 1970,
    "genre": "Punk",
    "coverAsset": "never_mind_the_bollocks,_heres_the_sex_pistols"
  },
  {
    "title": "Nirvana",
    "artist": "Nirvana",
    "decade": 1970,
    "genre": "Grunge",
    "coverAsset": "nirvana"
  },
  {
    "title": "Back In Black",
    "artist": "AC/DC",
    "decade": 1970,
    "genre": "Hard Rock",
    "coverAsset": "back_in_black"
  },
  {
    "title": "Clube Da Esquina",
    "artist": "Milton Nascimento & L\u00f4 Borges",
    "decade": 1970,
    "genre": "MPB",
    "coverAsset": "clube_da_esquina"
  },
  {
    "title": "The Joshua Tree",
    "artist": "U2",
    "decade": 1970,
    "genre": "Rock",
    "coverAsset": "the_joshua_tree"
  },
  {
    "title": "1989",
    "artist": "Taylor Swift",
    "decade": 1970,
    "genre": "Pop",
    "coverAsset": "1989"
  },
  {
    "title": "Random Access Memories",
    "artist": "Daft Punk",
    "decade": 1970,
    "genre": "Electronic",
    "coverAsset": "random_access_memories"
  },
  {
    "title": "Thriller",
    "artist": "Michael Jackson",
    "decade": 1970,
    "genre": "Pop",
    "coverAsset": "thriller"
  },
  {
    "title": "Grace",
    "artist": "Jeff Buckley",
    "decade": 1970,
    "genre": "Rock",
    "coverAsset": "grace"
  },
  {
    "title": "My Favourite Thing",
    "artist": "John Coltrane",
    "decade": 1970,
    "genre": "Jazz",
    "coverAsset": "my_favourite_thing"
  },
  {
    "title": "Ramones",
    "artist": "Ramones",
    "decade": 1970,
    "genre": "Punk",
    "coverAsset": "ramones"
  },
  {
    "title": "Lady Soul",
    "artist": "Aretha Franklin",
    "decade": 1970,
    "genre": "Soul",
    "coverAsset": "lady_soul"
  },
  {
    "title": "Enter The Wu-Tang (36 Chambers)",
    "artist": "Wu-Tang Clan",
    "decade": 1970,
    "genre": "Hip Hop",
    "coverAsset": "enter_the_wu-tang_(36_chambers)"
  },
  {
    "title": "Led Zeppelin Iv",
    "artist": "Led Zeppelin",
    "decade": 1970,
    "genre": "Rock",
    "coverAsset": "led_zeppelin_iv"
  },
  {
    "title": "Oxyg\u00e8ne",
    "artist": "Jean-Michel Jarre",
    "decade": 1970,
    "genre": "Electronic",
    "coverAsset": "oxyg\u00e8ne"
  },
  {
    "title": "Bleach",
    "artist": "Nirvana",
    "decade": 1970,
    "genre": "Grunge",
    "coverAsset": "bleach"
  },
  {
    "title": "Legend",
    "artist": "Bob Marley & The Wailers",
    "decade": 1970,
    "genre": "Reggae",
    "coverAsset": "legend"
  },
  {
    "title": "Bitches Brew",
    "artist": "Miles Davis",
    "decade": 1970,
    "genre": "Jazz",
    "coverAsset": "bitches_brew"
  },
  {
    "title": "The Marshall Mathers Lp",
    "artist": "Eminem",
    "decade": 1970,
    "genre": "Hip Hop",
    "coverAsset": "the_marshall_mathers_lp"
  },
  {
    "title": "Paranoid",
    "artist": "Black Sabbath",
    "decade": 1970,
    "genre": "Heavy Metal",
    "coverAsset": "paranoid"
  },
  {
    "title": "Re",
    "artist": "Gilberto Gil",
    "decade": 1970,
    "genre": "MPB",
    "coverAsset": "re"
  },
  {
    "title": "Blue Lines",
    "artist": "Massive Attack",
    "decade": 1970,
    "genre": "Electronic",
    "coverAsset": "blue_lines"
  },
  {
    "title": "The Dark Side Of The Moon",
    "artist": "Pink Floyd",
    "decade": 1970,
    "genre": "Rock",
    "coverAsset": "the_dark_side_of_the_moon"
  },
  {
    "title": "Ventura",
    "artist": "Los Hermanos",
    "decade": 1970,
    "genre": "Rock",
    "coverAsset": "ventura"
  },
  {
    "title": "Songs In The Key Of Life",
    "artist": "Stevie Wonder",
    "decade": 1970,
    "genre": "Soul",
    "coverAsset": "songs_in_the_key_of_life"
  },
  {
    "title": "Blue Train",
    "artist": "John Coltrane",
    "decade": 1970,
    "genre": "Jazz",
    "coverAsset": "blue_train"
  },
  {
    "title": "Transa",
    "artist": "Caetano Veloso",
    "decade": 1970,
    "genre": "MPB",
    "coverAsset": "transa"
  },
  {
    "title": "Roberto Carlos",
    "artist": "Roberto Carlos",
    "decade": 1970,
    "genre": "MPB",
    "coverAsset": "roberto_carlos"
  },
  {
    "title": "Innervisions",
    "artist": "Stevie Wonder",
    "decade": 1970,
    "genre": "Soul",
    "coverAsset": "innervisions"
  },
  {
    "title": "Tutu",
    "artist": "Miles Davis",
    "decade": 1970,
    "genre": "Jazz",
    "coverAsset": "tutu"
  },
  {
    "title": "Secos & Molhados",
    "artist": "Secos & Molhados",
    "decade": 1970,
    "genre": "MPB",
    "coverAsset": "secos_&_molhados"
  },
  {
    "title": "A Love Supreme",
    "artist": "John Coltrane",
    "decade": 1970,
    "genre": "Jazz",
    "coverAsset": "a_love_supreme"
  },
  {
    "title": "Ac\u00fastico Mtv",
    "artist": "C\u00e1ssia Eller",
    "decade": 1970,
    "genre": "Rock",
    "coverAsset": "ac\u00fastico_mtv"
  },
  {
    "title": "Matriz",
    "artist": "Pitty",
    "decade": 1970,
    "genre": "Rock",
    "coverAsset": "matriz"
  },
  {
    "title": "Acabou Chorare",
    "artist": "Novos Baianos",
    "decade": 1970,
    "genre": "MPB",
    "coverAsset": "acabou_chorare"
  },
  {
    "title": "Sgt. Peppers Lonely Hearts Club Band",
    "artist": "The Beatles",
    "decade": 1970,
    "genre": "Rock",
    "coverAsset": "sgt._peppers_lonely_hearts_club_band"
  },
  {
    "title": "The Blueprint",
    "artist": "Jay-Z",
    "decade": 1970,
    "genre": "Hip Hop",
    "coverAsset": "the_blueprint"
  },
  {
    "title": "Jagged Little Pill",
    "artist": "Alanis Morissette",
    "decade": 1970,
    "genre": "Rock",
    "coverAsset": "jagged_little_pill"
  },
  {
    "title": "Da Lama Ao Caos",
    "artist": "Na\u00e7\u00e3o Zumbi",
    "decade": 1970,
    "genre": "Rock",
    "coverAsset": "da_lama_ao_caos"
  },
  {
    "title": "Illmatic",
    "artist": "Nas",
    "decade": 1970,
    "genre": "Hip Hop",
    "coverAsset": "illmatic"
  },
  {
    "title": "21",
    "artist": "Adele",
    "decade": 1970,
    "genre": "Pop",
    "coverAsset": "21"
  },
  {
    "title": "Miles Smiles",
    "artist": "Miles Davis",
    "decade": 1970,
    "genre": "Jazz",
    "coverAsset": "miles_smiles"
  },
  {
    "title": "The Beatles",
    "artist": "The Beatles",
    "decade": 1970,
    "genre": "Rock",
    "coverAsset": "the_beatles"
  },
  {
    "title": "I Never Loved A Man The Way I Love You",
    "artist": "Aretha Franklin",
    "decade": 1970,
    "genre": "Soul",
    "coverAsset": "i_never_loved_a_man_the_way_i_love_you"
  },
  {
    "title": "Caetano Veloso",
    "artist": "Caetano Veloso",
    "decade": 1970,
    "genre": "MPB",
    "coverAsset": "caetano_veloso"
  },
  {
    "title": "Discovery",
    "artist": "Daft Punk",
    "decade": 1970,
    "genre": "Electronic",
    "coverAsset": "discovery"
  },
  {
    "title": "Cabe\u00e7a Dinossauro",
    "artist": "Tit\u00e3s",
    "decade": 1970,
    "genre": "Rock",
    "coverAsset": "cabe\u00e7a_dinossauro"
  },
  {
    "title": "Nebraska",
    "artist": "Bruce Springsteen",
    "decade": 1970,
    "genre": "Rock",
    "coverAsset": "nebraska"
  },
  {
    "title": "Let It Be",
    "artist": "The Beatles",
    "decade": 1970,
    "genre": "Rock",
    "coverAsset": "let_it_be"
  },
  {
    "title": "Expresso 2222",
    "artist": "Gilberto Gil",
    "decade": 1970,
    "genre": "MPB",
    "coverAsset": "expresso_2222"
  },
  {
    "title": "Queen Ii",
    "artist": "Queen",
    "decade": 1970,
    "genre": "Rock",
    "coverAsset": "queen_ii"
  },
  {
    "title": "The Chronic",
    "artist": "Dr. Dre",
    "decade": 1970,
    "genre": "Hip Hop",
    "coverAsset": "the_chronic"
  },
  {
    "title": "My Beautiful Dark Twisted Fantasy",
    "artist": "Kanye West",
    "decade": 1970,
    "genre": "Hip Hop",
    "coverAsset": "my_beautiful_dark_twisted_fantasy"
  },
  {
    "title": "Electric Ladyland",
    "artist": "The Jimi Hendrix Experience",
    "decade": 1970,
    "genre": "Rock",
    "coverAsset": "electric_ladyland"
  },
  {
    "title": "Viva La Vida Or Death And All His Friends",
    "artist": "Coldplay",
    "decade": 1970,
    "genre": "Alternative Rock",
    "coverAsset": "viva_la_vida_or_death_and_all_his_friends"
  },
  {
    "title": "Head Hunters",
    "artist": "Herbie Hancock",
    "decade": 1970,
    "genre": "Jazz",
    "coverAsset": "head_hunters"
  },
  {
    "title": "Ready To Die",
    "artist": "The Notorious B.I.G.",
    "decade": 1970,
    "genre": "Hip Hop",
    "coverAsset": "ready_to_die"
  },
  {
    "title": "The Man-Machine",
    "artist": "Kraftwerk",
    "decade": 1970,
    "genre": "Electronic",
    "coverAsset": "the_man-machine"
  },
  {
    "title": "A Cor De Rosa Choque",
    "artist": "Rita Lee",
    "decade": 1970,
    "genre": "Rock",
    "coverAsset": "a_cor_de_rosa_choque"
  },
  {
    "title": "Atliens",
    "artist": "OutKast",
    "decade": 1970,
    "genre": "Hip Hop",
    "coverAsset": "atliens"
  },
  {
    "title": "Speak No Evil",
    "artist": "Wayne Shorter",
    "decade": 1970,
    "genre": "Jazz",
    "coverAsset": "speak_no_evil"
  },
  {
    "title": "Achtung Baby",
    "artist": "U2",
    "decade": 1970,
    "genre": "Rock",
    "coverAsset": "achtung_baby"
  },
  {
    "title": "Back To Black",
    "artist": "Amy Winehouse",
    "decade": 1970,
    "genre": "Soul",
    "coverAsset": "back_to_black"
  },
  {
    "title": "Bar\u00e3o Vermelho",
    "artist": "Bar\u00e3o Vermelho",
    "decade": 1970,
    "genre": "Rock",
    "coverAsset": "bar\u00e3o_vermelho"
  },
  {
    "title": "Rumours",
    "artist": "Fleetwood Mac",
    "decade": 1970,
    "genre": "Rock",
    "coverAsset": "rumours"
  },
  {
    "title": "Bat Out Of Hell",
    "artist": "Meat Loaf",
    "decade": 1970,
    "genre": "Rock",
    "coverAsset": "bat_out_of_hell"
  },
  {
    "title": "Nevermind",
    "artist": "Nirvana",
    "decade": 1970,
    "genre": "Grunge",
    "coverAsset": "nevermind"
  },
  {
    "title": "Constru\u00e7\u00e3o",
    "artist": "Chico Buarque",
    "decade": 1970,
    "genre": "MPB",
    "coverAsset": "constru\u00e7\u00e3o"
  },
  {
    "title": "Revolver",
    "artist": "The Beatles",
    "decade": 1970,
    "genre": "Rock",
    "coverAsset": "revolver"
  },
  {
    "title": "Time Out",
    "artist": "The Dave Brubeck Quartet",
    "decade": 1970,
    "genre": "Jazz",
    "coverAsset": "time_out"
  },
  {
    "title": "Off The Wall",
    "artist": "Michael Jackson",
    "decade": 1970,
    "genre": "Pop",
    "coverAsset": "off_the_wall"
  },
  {
    "title": "Legal",
    "artist": "Gal Costa",
    "decade": 1970,
    "genre": "MPB",
    "coverAsset": "legal"
  },
  {
    "title": "In Rainbows",
    "artist": "Radiohead",
    "decade": 1970,
    "genre": "Alternative Rock",
    "coverAsset": "in_rainbows"
  },
  {
    "title": "The Miseducation Of Lauryn Hill",
    "artist": "Lauryn Hill",
    "decade": 1970,
    "genre": "R&B",
    "coverAsset": "the_miseducation_of_lauryn_hill"
  },
  {
    "title": "Lemonade",
    "artist": "Beyonc\u00e9",
    "decade": 1970,
    "genre": "R&B",
    "coverAsset": "lemonade"
  },
  {
    "title": "Mezzanine",
    "artist": "Massive Attack",
    "decade": 1970,
    "genre": "Electronic",
    "coverAsset": "mezzanine"
  },
  {
    "title": "Am",
    "artist": "Arctic Monkeys",
    "decade": 1970,
    "genre": "Rock",
    "coverAsset": "am"
  },
  {
    "title": "Abbey Road",
    "artist": "The Beatles",
    "decade": 1970,
    "genre": "Rock",
    "coverAsset": "abbey_road"
  },
  {
    "title": "Hotel California",
    "artist": "Eagles",
    "decade": 1970,
    "genre": "Rock",
    "coverAsset": "hotel_california"
  },
  {
    "title": "Horses",
    "artist": "Patti Smith",
    "decade": 1970,
    "genre": "Rock",
    "coverAsset": "horses"
  },
  {
    "title": "Bad",
    "artist": "Michael Jackson",
    "decade": 1970,
    "genre": "Pop",
    "coverAsset": "bad"
  },
  {
    "title": "To Pimp A Butterfly",
    "artist": "Kendrick Lamar",
    "decade": 1970,
    "genre": "Hip Hop",
    "coverAsset": "to_pimp_a_butterfly"
  },
  {
    "title": "Exile On Main St.",
    "artist": "The Rolling Stones",
    "decade": 1970,
    "genre": "Rock",
    "coverAsset": "exile_on_main_st."
  },
  {
    "title": "Pet Sounds",
    "artist": "The Beach Boys",
    "decade": 1970,
    "genre": "Rock",
    "coverAsset": "pet_sounds"
  },
  {
    "title": "Selected Ambient Works 85\u201392",
    "artist": "Aphex Twin",
    "decade": 1970,
    "genre": "Electronic",
    "coverAsset": "selected_ambient_works_85\u201392"
  },
  {
    "title": "Elis & Tom",
    "artist": "Elis Regina & Ant\u00f4nio Carlos Jobim",
    "decade": 1970,
    "genre": "Bossa Nova",
    "coverAsset": "elis_&_tom"
  },
  {
    "title": "Dois",
    "artist": "Legi\u00e3o Urbana",
    "decade": 1970,
    "genre": "Rock",
    "coverAsset": "dois"
  },
  {
    "title": "Born To Run",
    "artist": "Bruce Springsteen",
    "decade": 1970,
    "genre": "Rock",
    "coverAsset": "born_to_run"
  },
  {
    "title": "London Calling",
    "artist": "The Clash",
    "decade": 1970,
    "genre": "Rock",
    "coverAsset": "london_calling"
  },
  {
    "title": "The College Dropout",
    "artist": "Kanye West",
    "decade": 1970,
    "genre": "Hip Hop",
    "coverAsset": "the_college_dropout"
  }
]
